DATA;COD MED;COD CID;COD DISTRIB;QTDE
18/01/2021;1326;505152;1010;16
18/01/2021;1326;505153;1020;8
18/01/2021;1326;505154;1030;66
18/01/2021;1326;505155;1040;11
18/01/2021;1326;505156;1050;102
23/01/2021;1428;505157;1060;73
23/01/2021;1428;505158;1070;35
23/01/2021;1428;505159;1080;23
23/01/2021;1428;505160;1020;26
23/01/2021;1428;505161;1090;116
30/01/2021;1428;505152;1010;43
30/01/2021;1428;505153;1020;28
30/01/2021;1428;505154;1030;69
30/01/2021;1428;505155;1040;32
30/01/2021;1428;505156;1050;111
07/02/2021;1326;505157;1060;62
07/02/2021;1326;505158;1070;29
07/02/2021;1326;505159;1080;9
07/02/2021;1326;505160;1020;36
07/02/2021;1326;505161;1090;306
11/02/2021;1326;505162;1100;78
11/02/2021;1326;505157;1060;31
11/02/2021;1326;505163;1110;41
11/02/2021;1326;505164;1120;19
11/02/2021;1326;505165;1130;14
15/02/2021;1530;505157;1060;694
15/02/2021;1530;505158;1070;83
15/02/2021;1530;505159;1080;749
15/02/2021;1530;505160;1020;370
15/02/2021;1530;505161;1090;102
20/02/2021;1326;505166;1130;15
20/02/2021;1326;505167;1060;45
20/02/2021;1326;505168;1140;25
20/02/2021;1326;505158;1070;49
20/02/2021;1326;505169;1130;28
20/02/2021;1326;505170;1150;23
20/02/2021;1326;505171;1130;35
20/02/2021;1326;505172;1020;13
20/02/2021;1326;505173;1160;11
20/02/2021;1326;505174;1020;11
20/02/2021;1326;505175;1170;85
20/02/2021;1326;505176;1130;17
20/02/2021;1326;505177;1180;106
07/03/2021;1428;505157;1060;64
07/03/2021;1428;505158;1070;39
07/03/2021;1428;505159;1080;28
07/03/2021;1428;505160;1020;30
07/03/2021;1428;505161;1090;118
11/03/2021;1530;505152;1010;564
11/03/2021;1530;505153;1020;407
11/03/2021;1530;505154;1030;703
11/03/2021;1530;505155;1040;555
11/03/2021;1530;505156;1050;176
16/03/2021;1326;505152;1010;45
16/03/2021;1326;505153;1020;15
16/03/2021;1326;505154;1030;25
16/03/2021;1326;505155;1040;40
16/03/2021;1326;505156;1050;82
19/03/2021;1632;505157;1060;50
19/03/2021;1632;505158;1070;55
19/03/2021;1632;505159;1080;11
19/03/2021;1632;505160;1020;9
19/03/2021;1632;505161;1090;110
20/03/2021;1734;505157;1060;44
20/03/2021;1734;505158;1070;39
20/03/2021;1734;505159;1080;48
20/03/2021;1734;505160;1020;32
20/03/2021;1734;505161;1090;110
23/03/2021;1326;505157;1060;62
23/03/2021;1326;505158;1070;20
23/03/2021;1326;505159;1080;34
23/03/2021;1326;505160;1020;26
23/03/2021;1326;505161;1090;162
25/03/2021;1632;505157;1060;35
25/03/2021;1632;505158;1070;44
25/03/2021;1632;505159;1080;7
25/03/2021;1632;505160;1020;22
25/03/2021;1632;505161;1090;95
28/03/2021;1428;505166;1130;18
28/03/2021;1428;505167;1060;7
28/03/2021;1428;505168;1140;41
28/03/2021;1428;505158;1070;47
28/03/2021;1428;505169;1130;26
28/03/2021;1428;505170;1150;45
28/03/2021;1428;505171;1130;20
28/03/2021;1428;505172;1020;35
28/03/2021;1428;505173;1160;37
28/03/2021;1428;505174;1020;17
28/03/2021;1428;505175;1170;39
28/03/2021;1428;505176;1130;32
28/03/2021;1428;505177;1180;120
29/03/2021;1530;505157;1060;657
29/03/2021;1530;505158;1070;611
29/03/2021;1530;505159;1080;629
29/03/2021;1530;505160;1020;139
29/03/2021;1530;505161;1090;426
30/03/2021;1632;505166;1130;24
30/03/2021;1632;505167;1060;12
30/03/2021;1632;505168;1140;34
30/03/2021;1632;505158;1070;34
30/03/2021;1632;505169;1130;11
30/03/2021;1632;505170;1150;19
30/03/2021;1632;505171;1130;32
30/03/2021;1632;505172;1020;18
30/03/2021;1632;505173;1160;38
30/03/2021;1632;505174;1020;8
30/03/2021;1632;505175;1170;8
30/03/2021;1632;505176;1130;33
30/03/2021;1632;505177;1180;119
02/04/2021;1326;505152;1010;13
02/04/2021;1326;505153;1020;34
02/04/2021;1326;505154;1030;30
02/04/2021;1326;505155;1040;25
02/04/2021;1326;505156;1050;86
04/04/2021;1428;505166;1130;31
04/04/2021;1428;505167;1060;12
04/04/2021;1428;505168;1140;57
04/04/2021;1428;505158;1070;44
04/04/2021;1428;505169;1130;28
04/04/2021;1428;505170;1150;37
04/04/2021;1428;505171;1130;35
04/04/2021;1428;505172;1020;35
04/04/2021;1428;505173;1160;46
04/04/2021;1428;505174;1020;23
04/04/2021;1428;505175;1170;37
04/04/2021;1428;505176;1130;10
04/04/2021;1428;505177;1180;114
05/04/2021;1428;505166;1130;30
05/04/2021;1428;505167;1060;41
05/04/2021;1428;505168;1140;24
05/04/2021;1428;505158;1070;22
05/04/2021;1428;505169;1130;28
05/04/2021;1428;505170;1150;22
05/04/2021;1428;505171;1130;32
05/04/2021;1428;505172;1020;25
05/04/2021;1428;505173;1160;37
05/04/2021;1428;505174;1020;20
05/04/2021;1428;505175;1170;16
05/04/2021;1428;505176;1130;35
05/04/2021;1428;505177;1180;123
07/04/2021;1632;505152;1010;34
07/04/2021;1734;505152;1010;42
07/04/2021;1632;505153;1020;32
07/04/2021;1734;505153;1020;13
07/04/2021;1632;505154;1030;25
07/04/2021;1734;505154;1030;69
07/04/2021;1632;505155;1040;53
07/04/2021;1734;505155;1040;13
07/04/2021;1632;505156;1050;113
07/04/2021;1734;505156;1050;106
11/04/2021;1428;505152;1010;41
11/04/2021;1428;505153;1020;32
11/04/2021;1428;505154;1030;37
11/04/2021;1428;505155;1040;21
11/04/2021;1428;505156;1050;117
18/04/2021;1632;505162;1100;107
18/04/2021;1632;505157;1060;29
18/04/2021;1632;505163;1110;14
18/04/2021;1632;505164;1120;47
18/04/2021;1632;505165;1130;34
22/04/2021;1734;505157;1060;76
22/04/2021;1734;505158;1070;52
22/04/2021;1734;505159;1080;33
22/04/2021;1734;505160;1020;14
22/04/2021;1734;505161;1090;96
27/04/2021;1632;505157;1060;56
27/04/2021;1632;505158;1070;44
27/04/2021;1632;505159;1080;18
27/04/2021;1632;505160;1020;26
27/04/2021;1632;505161;1090;92
02/05/2021;1632;505157;1060;32
02/05/2021;1632;505158;1070;16
02/05/2021;1632;505159;1080;35
02/05/2021;1632;505160;1020;16
02/05/2021;1632;505161;1090;104
07/05/2021;1734;505152;1010;39
07/05/2021;1734;505153;1020;14
07/05/2021;1734;505154;1030;48
07/05/2021;1734;505155;1040;54
07/05/2021;1734;505156;1050;98
11/05/2021;1326;505157;1060;78
11/05/2021;1326;505158;1070;56
11/05/2021;1326;505159;1080;47
11/05/2021;1326;505160;1020;13
11/05/2021;1326;505161;1090;180
15/05/2021;1632;505157;1060;71
15/05/2021;1632;505158;1070;28
15/05/2021;1632;505159;1080;29
15/05/2021;1632;505160;1020;18
15/05/2021;1632;505161;1090;118
18/05/2021;1632;505157;1060;69
18/05/2021;1632;505158;1070;36
18/05/2021;1632;505159;1080;29
18/05/2021;1632;505160;1020;34
18/05/2021;1632;505161;1090;116
20/05/2021;1632;505162;1100;94
20/05/2021;1632;505157;1060;52
20/05/2021;1632;505157;1060;27
20/05/2021;1632;505163;1110;21
20/05/2021;1632;505158;1070;46
20/05/2021;1632;505159;1080;26
20/05/2021;1632;505164;1120;46
20/05/2021;1632;505160;1020;27
20/05/2021;1632;505161;1090;114
20/05/2021;1632;505165;1130;28
21/05/2021;1428;505157;1060;29
21/05/2021;1428;505158;1070;50
21/05/2021;1428;505159;1080;29
21/05/2021;1428;505160;1020;31
21/05/2021;1428;505161;1090;122
23/05/2021;1326;505166;1130;27
23/05/2021;1326;505167;1060;37
23/05/2021;1326;505168;1140;68
23/05/2021;1326;505158;1070;22
23/05/2021;1326;505169;1130;11
23/05/2021;1326;505170;1150;7
23/05/2021;1326;505171;1130;36
23/05/2021;1326;505172;1020;28
23/05/2021;1326;505173;1160;6
23/05/2021;1326;505174;1020;11
23/05/2021;1326;505175;1170;74
23/05/2021;1326;505176;1130;31
23/05/2021;1326;505177;1180;98
26/05/2021;1632;505157;1060;41
26/05/2021;1632;505158;1070;25
26/05/2021;1632;505159;1080;25
26/05/2021;1632;505160;1020;10
26/05/2021;1632;505161;1090;110
30/05/2021;1428;505152;1010;15
30/05/2021;1428;505153;1020;15
30/05/2021;1428;505154;1030;54
30/05/2021;1428;505155;1040;53
30/05/2021;1428;505156;1050;120
01/06/2021;1632;505157;1060;63
01/06/2021;1632;505158;1070;31
01/06/2021;1632;505159;1080;14
01/06/2021;1632;505160;1020;25
01/06/2021;1632;505161;1090;101
08/06/2021;1632;505152;1010;35
08/06/2021;1632;505153;1020;23
08/06/2021;1632;505154;1030;37
08/06/2021;1632;505155;1040;41
08/06/2021;1632;505156;1050;98
11/06/2021;1632;505162;1100;122
11/06/2021;1632;505157;1060;30
11/06/2021;1632;505163;1110;54
11/06/2021;1632;505164;1120;9
11/06/2021;1632;505165;1130;29
15/06/2021;1734;505157;1060;61
15/06/2021;1734;505158;1070;34
15/06/2021;1734;505159;1080;9
15/06/2021;1734;505160;1020;23
15/06/2021;1734;505161;1090;108
23/06/2021;1428;505157;1060;43
23/06/2021;1428;505158;1070;28
23/06/2021;1428;505159;1080;16
23/06/2021;1428;505160;1020;27
23/06/2021;1428;505161;1090;126
24/06/2021;1734;505157;1060;70
24/06/2021;1734;505158;1070;42
24/06/2021;1734;505159;1080;32
24/06/2021;1734;505160;1020;35
24/06/2021;1734;505161;1090;114
02/07/2021;1734;505162;1100;112
02/07/2021;1734;505157;1060;59
02/07/2021;1734;505163;1110;25
02/07/2021;1734;505164;1120;14
02/07/2021;1734;505165;1130;31
10/07/2021;1428;505152;1010;41
10/07/2021;1428;505153;1020;34
10/07/2021;1428;505154;1030;30
10/07/2021;1428;505155;1040;20
10/07/2021;1428;505156;1050;130
13/07/2021;1530;505162;1100;407
13/07/2021;1530;505157;1060;352
13/07/2021;1530;505163;1110;305
13/07/2021;1530;505164;1120;833
13/07/2021;1530;505165;1130;305
19/07/2021;1428;505162;1100;111
19/07/2021;1428;505157;1060;66
19/07/2021;1428;505163;1110;44
19/07/2021;1428;505164;1120;44
19/07/2021;1428;505165;1130;22
21/07/2021;1428;505152;1010;39
21/07/2021;1428;505153;1020;27
21/07/2021;1428;505154;1030;58
21/07/2021;1428;505155;1040;46
21/07/2021;1428;505156;1050;106
23/07/2021;1530;505157;1060;287
23/07/2021;1530;505158;1070;666
23/07/2021;1530;505159;1080;315
23/07/2021;1530;505160;1020;268
23/07/2021;1530;505161;1090;971
26/07/2021;1428;505152;1010;48
26/07/2021;1428;505153;1020;14
26/07/2021;1428;505154;1030;37
26/07/2021;1428;505155;1040;34
26/07/2021;1428;505156;1050;101
28/07/2021;1428;505166;1130;31
28/07/2021;1428;505167;1060;29
28/07/2021;1428;505168;1140;69
28/07/2021;1428;505158;1070;21
28/07/2021;1428;505169;1130;8
28/07/2021;1428;505170;1150;23
28/07/2021;1428;505171;1130;33
28/07/2021;1428;505172;1020;24
28/07/2021;1428;505173;1160;14
28/07/2021;1428;505174;1020;25
28/07/2021;1428;505175;1170;37
28/07/2021;1428;505176;1130;18
28/07/2021;1428;505177;1180;118
29/07/2021;1428;505157;1060;48
29/07/2021;1428;505158;1070;22
29/07/2021;1428;505159;1080;40
29/07/2021;1428;505160;1020;22
29/07/2021;1428;505161;1090;124
01/08/2021;1428;505166;1130;19
01/08/2021;1428;505167;1060;44
01/08/2021;1428;505168;1140;66
01/08/2021;1428;505158;1070;36
01/08/2021;1428;505169;1130;28
01/08/2021;1428;505170;1150;30
01/08/2021;1428;505171;1130;16
01/08/2021;1428;505172;1020;33
01/08/2021;1428;505173;1160;10
01/08/2021;1428;505174;1020;33
01/08/2021;1428;505175;1170;34
01/08/2021;1428;505176;1130;34
01/08/2021;1428;505177;1180;86
04/08/2021;1428;505166;1130;14
04/08/2021;1428;505167;1060;23
04/08/2021;1428;505168;1140;33
04/08/2021;1428;505158;1070;45
04/08/2021;1428;505169;1130;21
04/08/2021;1428;505170;1150;37
04/08/2021;1428;505171;1130;18
04/08/2021;1428;505172;1020;21
04/08/2021;1428;505173;1160;12
04/08/2021;1428;505174;1020;24
04/08/2021;1428;505175;1170;42
04/08/2021;1428;505176;1130;26
04/08/2021;1428;505177;1180;134
10/08/2021;1428;505157;1060;44
10/08/2021;1428;505158;1070;31
10/08/2021;1428;505159;1080;29
10/08/2021;1428;505160;1020;31
10/08/2021;1428;505161;1090;91
11/08/2021;1734;505162;1100;100
11/08/2021;1734;505157;1060;54
11/08/2021;1734;505163;1110;46
11/08/2021;1734;505164;1120;31
11/08/2021;1734;505165;1130;23
13/08/2021;1530;505157;1060;194
13/08/2021;1530;505158;1070;916
13/08/2021;1530;505159;1080;407
13/08/2021;1530;505160;1020;222
13/08/2021;1530;505161;1090;102
20/08/2021;1326;505157;1060;57
20/08/2021;1326;505158;1070;31
20/08/2021;1326;505159;1080;23
20/08/2021;1326;505160;1020;11
20/08/2021;1326;505161;1090;248
22/08/2021;1530;505157;1060;944
22/08/2021;1530;505158;1070;315
22/08/2021;1530;505159;1080;463
22/08/2021;1530;505160;1020;296
22/08/2021;1530;505161;1090;176
28/08/2021;1428;505178;1190;64
28/08/2021;1428;505158;1070;51
28/08/2021;1428;505159;1080;26
28/08/2021;1428;505160;1020;22
28/08/2021;1428;505161;1090;96
30/08/2021;1428;505178;1190;39
30/08/2021;1428;505158;1070;31
30/08/2021;1428;505159;1080;32
30/08/2021;1428;505160;1020;35
30/08/2021;1428;505161;1090;116
02/09/2021;1734;505178;1190;43
02/09/2021;1734;505158;1070;55
02/09/2021;1734;505159;1080;46
02/09/2021;1734;505160;1020;32
02/09/2021;1734;505161;1090;102
06/09/2021;1428;505152;1010;8
06/09/2021;1428;505153;1020;24
06/09/2021;1428;505154;1030;47
06/09/2021;1428;505155;1040;16
06/09/2021;1428;505156;1050;131
08/09/2021;1530;505178;1190;999
08/09/2021;1530;505158;1070;342
08/09/2021;1530;505159;1080;83
08/09/2021;1530;505160;1020;296
08/09/2021;1530;505161;1090;176
10/09/2021;1530;505178;1190;176
10/09/2021;1530;505158;1070;629
10/09/2021;1530;505159;1080;259
10/09/2021;1530;505160;1020;925
10/09/2021;1530;505161;1090;675
11/09/2021;1428;505178;1190;59
11/09/2021;1428;505158;1070;19
11/09/2021;1428;505159;1080;26
11/09/2021;1428;505160;1020;35
11/09/2021;1428;505161;1090;128
14/09/2021;1530;505178;1190;148
14/09/2021;1530;505158;1070;944
14/09/2021;1530;505159;1080;250
14/09/2021;1530;505160;1020;278
14/09/2021;1530;505161;1090;157
19/09/2021;1530;505178;1190;805
19/09/2021;1530;505158;1070;167
19/09/2021;1530;505159;1080;204
19/09/2021;1530;505160;1020;213
19/09/2021;1530;505161;1090;694
23/09/2021;1530;505166;1130;259
23/09/2021;1530;505167;1060;777
23/09/2021;1530;505168;1140;564
23/09/2021;1530;505158;1070;435
23/09/2021;1530;505169;1130;185
23/09/2021;1530;505170;1150;287
23/09/2021;1530;505171;1130;324
23/09/2021;1530;505172;1020;749
23/09/2021;1530;505173;1160;157
23/09/2021;1530;505174;1020;65
23/09/2021;1530;505175;1170;176
23/09/2021;1530;505176;1130;907
23/09/2021;1530;505177;1180;130
27/09/2021;1530;505152;1010;259
27/09/2021;1530;505153;1020;860
27/09/2021;1530;505154;1030;934
27/09/2021;1530;505155;1040;426
27/09/2021;1530;505156;1050;148
30/09/2021;1428;505178;1190;46
30/09/2021;1428;505158;1070;31
30/09/2021;1428;505159;1080;18
30/09/2021;1428;505160;1020;35
30/09/2021;1428;505161;1090;126
02/10/2021;1530;505178;1190;176
02/10/2021;1530;505158;1070;814
02/10/2021;1530;505159;1080;259
02/10/2021;1530;505160;1020;407
02/10/2021;1530;505161;1090;222
07/10/2021;1734;505178;1190;65
07/10/2021;1734;505158;1070;43
07/10/2021;1734;505159;1080;35
07/10/2021;1734;505160;1020;33
07/10/2021;1734;505161;1090;104
09/10/2021;1530;505178;1190;962
09/10/2021;1530;505158;1070;157
09/10/2021;1530;505159;1080;324
09/10/2021;1530;505160;1020;111
09/10/2021;1530;505161;1090;703
10/10/2021;1530;505166;1130;231
10/10/2021;1530;505167;1060;250
10/10/2021;1530;505168;1140;315
10/10/2021;1530;505158;1070;259
10/10/2021;1530;505169;1130;259
10/10/2021;1530;505170;1150;555
10/10/2021;1530;505171;1130;444
10/10/2021;1530;505172;1020;1138
10/10/2021;1530;505173;1160;287
10/10/2021;1530;505174;1020;278
10/10/2021;1530;505175;1170;315
10/10/2021;1530;505176;1130;407
10/10/2021;1530;505177;1180;1045
11/10/2021;1428;505166;1130;23
11/10/2021;1428;505167;1060;22
11/10/2021;1428;505168;1140;24
11/10/2021;1428;505158;1070;50
11/10/2021;1428;505169;1130;36
11/10/2021;1428;505170;1150;11
11/10/2021;1428;505171;1130;10
11/10/2021;1428;505172;1020;11
11/10/2021;1428;505173;1160;28
11/10/2021;1428;505174;1020;19
11/10/2021;1428;505175;1170;20
11/10/2021;1428;505176;1130;17
11/10/2021;1428;505177;1180;113
20/10/2021;1836;505162;1100;84
20/10/2021;1836;505157;1060;47
20/10/2021;1836;505163;1110;56
20/10/2021;1836;505164;1120;16
20/10/2021;1836;505165;1130;12
22/10/2021;1428;505166;1130;26
22/10/2021;1428;505167;1060;31
22/10/2021;1428;505168;1140;30
22/10/2021;1428;505158;1070;46
22/10/2021;1428;505169;1130;32
22/10/2021;1428;505170;1150;12
22/10/2021;1428;505171;1130;24
22/10/2021;1428;505172;1020;19
22/10/2021;1428;505173;1160;30
22/10/2021;1428;505174;1020;25
22/10/2021;1428;505175;1170;32
22/10/2021;1428;505176;1130;24
22/10/2021;1428;505177;1180;83
30/10/2021;1428;505166;1130;20
30/10/2021;1428;505167;1060;33
30/10/2021;1428;505168;1140;54
30/10/2021;1428;505158;1070;45
30/10/2021;1428;505169;1130;10
30/10/2021;1428;505170;1150;13
30/10/2021;1428;505171;1130;17
30/10/2021;1428;505172;1020;32
30/10/2021;1428;505173;1160;23
30/10/2021;1428;505174;1020;19
30/10/2021;1428;505175;1170;34
30/10/2021;1428;505176;1130;11
30/10/2021;1428;505177;1180;92
02/11/2021;1428;505162;1100;125
02/11/2021;1428;505157;1060;26
02/11/2021;1428;505163;1110;29
02/11/2021;1428;505164;1120;22
02/11/2021;1428;505165;1130;12
04/11/2021;1428;505178;1190;33
04/11/2021;1428;505158;1070;38
04/11/2021;1428;505159;1080;21
04/11/2021;1428;505160;1020;12
04/11/2021;1428;505161;1090;122
11/11/2021;1836;505178;1190;69
11/11/2021;1836;505158;1070;43
11/11/2021;1836;505159;1080;29
11/11/2021;1836;505160;1020;20
11/11/2021;1836;505161;1090;81
13/11/2021;1428;505166;1130;12
13/11/2021;1428;505167;1060;39
13/11/2021;1428;505168;1140;77
13/11/2021;1428;505158;1070;18
13/11/2021;1428;505169;1130;12
13/11/2021;1428;505170;1150;28
13/11/2021;1428;505171;1130;28
13/11/2021;1428;505172;1020;29
13/11/2021;1428;505173;1160;34
13/11/2021;1428;505174;1020;29
13/11/2021;1428;505175;1170;47
13/11/2021;1428;505176;1130;23
13/11/2021;1428;505177;1180;108
17/11/2021;1428;505152;1010;27
17/11/2021;1428;505153;1020;18
17/11/2021;1428;505154;1030;32
17/11/2021;1428;505155;1040;56
17/11/2021;1428;505156;1050;107
18/11/2021;1428;505152;1010;46
18/11/2021;1428;505153;1020;32
18/11/2021;1428;505154;1030;38
18/11/2021;1428;505155;1040;12
18/11/2021;1428;505156;1050;103
19/11/2021;1428;505152;1010;39
19/11/2021;1428;505153;1020;34
19/11/2021;1428;505154;1030;77
19/11/2021;1428;505155;1040;42
19/11/2021;1428;505156;1050;95
20/11/2021;1428;505152;1010;17
20/11/2021;1428;505153;1020;23
20/11/2021;1428;505154;1030;27
20/11/2021;1428;505155;1040;42
20/11/2021;1428;505156;1050;86
24/11/2021;1428;505178;1190;53
24/11/2021;1428;505158;1070;34
24/11/2021;1428;505159;1080;34
24/11/2021;1428;505160;1020;28
24/11/2021;1428;505161;1090;121
05/12/2021;1428;505152;1010;42
05/12/2021;1428;505153;1020;22
05/12/2021;1428;505154;1030;34
05/12/2021;1428;505155;1040;47
05/12/2021;1428;505156;1050;98
06/12/2021;1428;505152;1010;41
06/12/2021;1428;505153;1020;15
06/12/2021;1428;505154;1030;48
06/12/2021;1428;505155;1040;14
06/12/2021;1428;505156;1050;98
10/12/2021;1428;505152;1010;17
10/12/2021;1428;505153;1020;32
10/12/2021;1428;505154;1030;71
10/12/2021;1428;505155;1040;40
10/12/2021;1428;505156;1050;93
11/12/2021;1428;505152;1010;16
11/12/2021;1428;505153;1020;9
11/12/2021;1428;505154;1030;55
11/12/2021;1428;505155;1040;33
11/12/2021;1428;505156;1050;101
14/12/2021;1326;505152;1010;31
14/12/2021;1326;505178;1190;43
14/12/2021;1326;505158;1070;29
14/12/2021;1326;505153;1020;14
14/12/2021;1326;505154;1030;42
14/12/2021;1326;505159;1080;47
14/12/2021;1326;505155;1040;36
14/12/2021;1326;505156;1050;102
14/12/2021;1326;505160;1020;9
14/12/2021;1326;505161;1090;180
16/12/2021;1326;505152;1010;34
16/12/2021;1326;505153;1020;19
16/12/2021;1326;505154;1030;78
16/12/2021;1326;505155;1040;22
16/12/2021;1326;505156;1050;98
19/12/2021;1428;505152;1010;17
19/12/2021;1428;505178;1190;29
19/12/2021;1428;505158;1070;17
19/12/2021;1428;505153;1020;25
19/12/2021;1428;505154;1030;32
19/12/2021;1428;505159;1080;44
19/12/2021;1428;505155;1040;14
19/12/2021;1428;505156;1050;110
19/12/2021;1428;505160;1020;35
19/12/2021;1428;505161;1090;116
26/12/2021;1428;505152;1010;30
26/12/2021;1428;505153;1020;21
26/12/2021;1428;505154;1030;46
26/12/2021;1428;505155;1040;49
26/12/2021;1428;505156;1050;111
28/12/2021;1428;505178;1190;70
28/12/2021;1428;505158;1070;15
28/12/2021;1428;505159;1080;36
28/12/2021;1428;505160;1020;36
28/12/2021;1428;505161;1090;88
30/12/2021;1428;505178;1190;77
30/12/2021;1428;505158;1070;13
30/12/2021;1428;505159;1080;8
30/12/2021;1428;505160;1020;18
30/12/2021;1428;505161;1090;89
03/01/2022;1326;505178;1190;53
03/01/2022;1326;505158;1070;56
03/01/2022;1326;505159;1080;44
03/01/2022;1326;505160;1020;34
03/01/2022;1326;505161;1090;306
06/01/2022;1938;505178;1190;72
06/01/2022;1938;505158;1070;21
06/01/2022;1938;505159;1080;30
06/01/2022;1938;505160;1020;26
06/01/2022;1938;505161;1090;104
07/01/2022;1326;505162;1100;78
07/01/2022;1326;505162;1100;94
07/01/2022;1326;505157;1060;30
07/01/2022;1326;505157;1060;33
07/01/2022;1326;505163;1110;43
07/01/2022;1326;505163;1110;53
07/01/2022;1326;505164;1120;45
07/01/2022;1326;505164;1120;47
07/01/2022;1326;505165;1130;29
07/01/2022;1326;505165;1130;10
11/01/2022;1836;505178;1190;50
11/01/2022;1836;505158;1070;25
11/01/2022;1836;505159;1080;46
11/01/2022;1836;505160;1020;28
11/01/2022;1836;505161;1090;81
16/01/2022;1326;505166;1130;20
16/01/2022;1326;505167;1060;23
16/01/2022;1326;505168;1140;57
16/01/2022;1326;505158;1070;43
16/01/2022;1326;505169;1130;21
16/01/2022;1326;505170;1150;23
16/01/2022;1326;505171;1130;15
16/01/2022;1326;505172;1020;27
16/01/2022;1326;505173;1160;21
16/01/2022;1326;505174;1020;36
16/01/2022;1326;505175;1170;14
16/01/2022;1326;505176;1130;21
16/01/2022;1326;505177;1180;106
31/01/2022;1938;505178;1190;42
31/01/2022;1938;505158;1070;48
31/01/2022;1938;505159;1080;37
31/01/2022;1938;505160;1020;20
31/01/2022;1938;505161;1090;118
04/02/2022;1836;505152;1010;28
04/02/2022;1836;505153;1020;16
04/02/2022;1836;505154;1030;69
04/02/2022;1836;505155;1040;19
04/02/2022;1836;505156;1050;76
09/02/2022;1326;505152;1010;8
09/02/2022;1326;505153;1020;14
09/02/2022;1326;505154;1030;49
09/02/2022;1326;505155;1040;21
09/02/2022;1326;505156;1050;82
12/02/2022;1938;505178;1190;76
12/02/2022;1938;505158;1070;33
12/02/2022;1938;505159;1080;39
12/02/2022;1938;505160;1020;35
12/02/2022;1938;505161;1090;110
13/02/2022;1734;505178;1190;55
13/02/2022;1734;505158;1070;55
13/02/2022;1734;505159;1080;24
13/02/2022;1734;505160;1020;35
13/02/2022;1734;505161;1090;110
16/02/2022;1326;505178;1190;37
16/02/2022;1326;505158;1070;28
16/02/2022;1326;505159;1080;27
16/02/2022;1326;505160;1020;25
16/02/2022;1326;505161;1090;172
18/02/2022;1938;505178;1190;73
18/02/2022;1938;505158;1070;33
18/02/2022;1938;505159;1080;12
18/02/2022;1938;505160;1020;14
18/02/2022;1938;505161;1090;95
21/02/2022;1938;505166;1130;23
21/02/2022;1938;505167;1060;42
21/02/2022;1938;505168;1140;58
21/02/2022;1938;505158;1070;54
21/02/2022;1938;505169;1130;26
21/02/2022;1938;505170;1150;35
21/02/2022;1938;505171;1130;12
21/02/2022;1938;505172;1020;34
21/02/2022;1938;505173;1160;11
21/02/2022;1938;505174;1020;19
21/02/2022;1938;505175;1170;16
21/02/2022;1938;505176;1130;34
21/02/2022;1938;505177;1180;120
22/02/2022;1836;505178;1190;77
22/02/2022;1836;505158;1070;39
22/02/2022;1836;505159;1080;43
22/02/2022;1836;505160;1020;22
22/02/2022;1836;505161;1090;71
23/02/2022;1938;505166;1130;32
23/02/2022;1938;505167;1060;36
23/02/2022;1938;505168;1140;40
23/02/2022;1938;505158;1070;12
23/02/2022;1938;505169;1130;18
23/02/2022;1938;505170;1150;12
23/02/2022;1938;505171;1130;28
23/02/2022;1938;505172;1020;34
23/02/2022;1938;505173;1160;20
23/02/2022;1938;505174;1020;29
23/02/2022;1938;505175;1170;45
23/02/2022;1938;505176;1130;24
23/02/2022;1938;505177;1180;119
26/02/2022;2040;505152;1010;39
26/02/2022;2040;505153;1020;16
26/02/2022;2040;505154;1030;25
26/02/2022;2040;505155;1040;21
26/02/2022;2040;505156;1050;86
28/02/2022;1938;505152;1010;8
28/02/2022;1938;505153;1020;23
28/02/2022;1938;505154;1030;58
28/02/2022;1938;505155;1040;12
28/02/2022;1938;505156;1050;114
02/03/2022;1734;505152;1010;29
02/03/2022;1938;505152;1010;24
02/03/2022;1938;505152;1010;12
02/03/2022;1734;505153;1020;23
02/03/2022;1938;505153;1020;14
02/03/2022;1938;505153;1020;17
02/03/2022;1734;505154;1030;46
02/03/2022;1938;505154;1030;36
02/03/2022;1938;505154;1030;72
02/03/2022;1734;505155;1040;15
02/03/2022;1938;505155;1040;15
02/03/2022;1938;505155;1040;54
02/03/2022;1734;505156;1050;106
02/03/2022;1938;505156;1050;113
02/03/2022;1938;505156;1050;123
06/03/2022;1938;505152;1010;30
06/03/2022;1938;505153;1020;15
06/03/2022;1938;505154;1030;63
06/03/2022;1938;505155;1040;53
06/03/2022;1938;505156;1050;117
13/03/2022;1938;505162;1100;107
13/03/2022;1938;505157;1060;50
13/03/2022;1938;505163;1110;51
13/03/2022;1938;505164;1120;44
13/03/2022;1938;505165;1130;30
17/03/2022;1530;505178;1190;981
17/03/2022;1530;505158;1070;130
17/03/2022;1530;505159;1080;990
17/03/2022;1530;505160;1020;398
17/03/2022;1530;505161;1090;962
22/03/2022;1938;505178;1190;54
22/03/2022;1938;505158;1070;22
22/03/2022;1938;505159;1080;39
22/03/2022;1938;505160;1020;28
22/03/2022;1938;505161;1090;92
27/03/2022;1938;505178;1190;67
27/03/2022;1938;505158;1070;51
27/03/2022;1938;505159;1080;37
27/03/2022;1938;505160;1020;13
27/03/2022;1938;505161;1090;104
01/04/2022;1530;505152;1010;102
01/04/2022;1530;505153;1020;268
01/04/2022;1530;505154;1030;1073
01/04/2022;1530;505155;1040;241
01/04/2022;1530;505156;1050;1055
05/04/2022;2040;505178;1190;64
05/04/2022;2040;505158;1070;34
05/04/2022;2040;505159;1080;38
05/04/2022;2040;505160;1020;26
05/04/2022;2040;505161;1090;90
09/04/2022;1938;505178;1190;64
09/04/2022;1938;505158;1070;11
09/04/2022;1938;505159;1080;21
09/04/2022;1938;505160;1020;16
09/04/2022;1938;505161;1090;118
12/04/2022;1938;505178;1190;30
12/04/2022;1938;505158;1070;42
12/04/2022;1938;505159;1080;29
12/04/2022;1938;505160;1020;8
12/04/2022;1938;505161;1090;116
14/04/2022;1938;505162;1100;94
14/04/2022;1938;505157;1060;77
14/04/2022;1938;505178;1190;39
14/04/2022;1938;505163;1110;43
14/04/2022;1938;505158;1070;11
14/04/2022;1938;505159;1080;43
14/04/2022;1938;505164;1120;39
14/04/2022;1938;505160;1020;9
14/04/2022;1938;505161;1090;114
14/04/2022;1938;505165;1130;17
15/04/2022;1938;505178;1190;43
15/04/2022;1938;505158;1070;27
15/04/2022;1938;505159;1080;10
15/04/2022;1938;505160;1020;27
15/04/2022;1938;505161;1090;122
17/04/2022;2040;505166;1130;28
17/04/2022;2040;505167;1060;7
17/04/2022;2040;505168;1140;34
17/04/2022;2040;505158;1070;38
17/04/2022;2040;505169;1130;29
17/04/2022;2040;505170;1150;11
17/04/2022;2040;505171;1130;20
17/04/2022;2040;505172;1020;22
17/04/2022;2040;505173;1160;13
17/04/2022;2040;505174;1020;27
17/04/2022;2040;505175;1170;36
17/04/2022;2040;505176;1130;13
17/04/2022;2040;505177;1180;98
20/04/2022;1938;505178;1190;70
20/04/2022;1938;505158;1070;45
20/04/2022;1938;505159;1080;31
20/04/2022;1938;505160;1020;21
20/04/2022;1938;505161;1090;110
24/04/2022;1938;505152;1010;47
24/04/2022;1938;505153;1020;24
24/04/2022;1938;505154;1030;26
24/04/2022;1938;505155;1040;47
24/04/2022;1938;505156;1050;120
26/04/2022;1938;505178;1190;47
26/04/2022;1938;505158;1070;14
26/04/2022;1938;505159;1080;16
26/04/2022;1938;505160;1020;21
26/04/2022;1938;505161;1090;101
03/05/2022;1938;505152;1010;39
03/05/2022;1938;505153;1020;8
03/05/2022;1938;505154;1030;61
03/05/2022;1938;505155;1040;49
03/05/2022;1938;505156;1050;98
06/05/2022;1938;505162;1100;122
06/05/2022;1938;505157;1060;49
06/05/2022;1938;505163;1110;33
06/05/2022;1938;505164;1120;42
06/05/2022;1938;505165;1130;32
10/05/2022;1530;505178;1190;287
10/05/2022;1530;505158;1070;1110
10/05/2022;1530;505159;1080;712
10/05/2022;1530;505160;1020;102
10/05/2022;1530;505161;1090;934
18/05/2022;1938;505178;1190;45
18/05/2022;1938;505158;1070;11
18/05/2022;1938;505159;1080;26
18/05/2022;1938;505160;1020;31
18/05/2022;1938;505161;1090;126
19/05/2022;1530;505178;1190;204
19/05/2022;1530;505158;1070;204
19/05/2022;1530;505159;1080;907
19/05/2022;1530;505160;1020;1129
19/05/2022;1530;505161;1090;250
27/05/2022;1530;505162;1100;500
27/05/2022;1530;505157;1060;213
27/05/2022;1530;505163;1110;157
27/05/2022;1530;505164;1120;231
27/05/2022;1530;505165;1130;130
04/06/2022;1938;505152;1010;15
04/06/2022;1938;505153;1020;16
04/06/2022;1938;505154;1030;45
04/06/2022;1938;505155;1040;24
04/06/2022;1938;505156;1050;130
07/06/2022;1836;505162;1100;66
07/06/2022;1836;505157;1060;35
07/06/2022;1836;505163;1110;36
07/06/2022;1836;505164;1120;23
07/06/2022;1836;505165;1130;24
13/06/2022;1938;505162;1100;111
13/06/2022;1938;505157;1060;70
13/06/2022;1938;505163;1110;20
13/06/2022;1938;505164;1120;19
13/06/2022;1938;505165;1130;35
15/06/2022;2142;505152;1010;11
15/06/2022;2142;505153;1020;16
15/06/2022;2142;505154;1030;49
15/06/2022;2142;505155;1040;15
15/06/2022;2142;505156;1050;106
17/06/2022;1836;505178;1190;60
17/06/2022;1836;505158;1070;22
17/06/2022;1836;505159;1080;16
17/06/2022;1836;505160;1020;15
17/06/2022;1836;505161;1090;69
20/06/2022;2142;505152;1010;13
20/06/2022;2142;505153;1020;25
20/06/2022;2142;505154;1030;24
20/06/2022;2142;505155;1040;50
20/06/2022;2142;505156;1050;101
22/06/2022;1938;505178;1190;56
22/06/2022;1938;505158;1070;18
22/06/2022;1938;505159;1080;37
22/06/2022;1938;505160;1020;9
22/06/2022;1938;505161;1090;118
23/06/2022;2142;505178;1190;35
23/06/2022;2142;505158;1070;44
23/06/2022;2142;505159;1080;32
23/06/2022;2142;505160;1020;28
23/06/2022;2142;505161;1090;124
26/06/2022;2142;505166;1130;10
26/06/2022;2142;505167;1060;19
26/06/2022;2142;505168;1140;39
26/06/2022;2142;505158;1070;20
26/06/2022;2142;505169;1130;29
26/06/2022;2142;505170;1150;23
26/06/2022;2142;505171;1130;22
26/06/2022;2142;505172;1020;10
26/06/2022;2142;505173;1160;21
26/06/2022;2142;505174;1020;24
26/06/2022;2142;505175;1170;42
26/06/2022;2142;505176;1130;12
26/06/2022;2142;505177;1180;86
29/06/2022;1938;505166;1130;33
29/06/2022;1938;505167;1060;6
29/06/2022;1938;505168;1140;73
29/06/2022;1938;505158;1070;44
29/06/2022;1938;505169;1130;19
29/06/2022;1938;505170;1150;17
29/06/2022;1938;505171;1130;36
29/06/2022;1938;505172;1020;23
29/06/2022;1938;505173;1160;42
29/06/2022;1938;505174;1020;24
29/06/2022;1938;505175;1170;9
29/06/2022;1938;505176;1130;35
29/06/2022;1938;505177;1180;134
05/07/2022;2142;505178;1190;58
05/07/2022;2142;505158;1070;45
05/07/2022;2142;505159;1080;12
05/07/2022;2142;505160;1020;20
05/07/2022;2142;505161;1090;91
06/07/2022;1530;505162;1100;1045
06/07/2022;1530;505157;1060;135
06/07/2022;1530;505163;1110;30
06/07/2022;1530;505164;1120;22
06/07/2022;1530;505165;1130;26
08/07/2022;1836;505178;1190;37
08/07/2022;1836;505158;1070;12
08/07/2022;1836;505159;1080;35
08/07/2022;1836;505160;1020;25
08/07/2022;1836;505161;1090;90
15/07/2022;2040;505178;1190;43
15/07/2022;2040;505158;1070;21
15/07/2022;2040;505159;1080;9
15/07/2022;2040;505160;1020;29
15/07/2022;2040;505161;1090;124
17/07/2022;1836;505178;1190;50
17/07/2022;1836;505158;1070;25
17/07/2022;1836;505159;1080;31
17/07/2022;1836;505160;1020;21
17/07/2022;1836;505161;1090;72
23/07/2022;2142;505178;1190;68
23/07/2022;2142;505158;1070;38
23/07/2022;2142;505159;1080;33
23/07/2022;2142;505160;1020;11
23/07/2022;2142;505161;1090;96
25/07/2022;2142;505178;1190;42
25/07/2022;2142;505158;1070;41
25/07/2022;2142;505159;1080;11
25/07/2022;2142;505160;1020;16
25/07/2022;2142;505161;1090;116
28/07/2022;1530;505178;1190;67
28/07/2022;1530;505158;1070;93
28/07/2022;1530;505159;1080;39
28/07/2022;1530;505160;1020;31
28/07/2022;1530;505161;1090;189
01/08/2022;1938;505152;1010;43
01/08/2022;1938;505153;1020;25
01/08/2022;1938;505154;1030;63
01/08/2022;1938;505155;1040;33
01/08/2022;1938;505156;1050;131
03/08/2022;1836;505178;1190;71
03/08/2022;1836;505158;1070;45
03/08/2022;1836;505159;1080;25
03/08/2022;1836;505160;1020;8
03/08/2022;1836;505161;1090;105
05/08/2022;1530;505178;1190;115
05/08/2022;1530;505158;1070;96
05/08/2022;1530;505159;1080;50
05/08/2022;1530;505160;1020;56
05/08/2022;1530;505161;1090;183
06/08/2022;1938;505178;1190;48
06/08/2022;1938;505158;1070;48
06/08/2022;1938;505159;1080;21
06/08/2022;1938;505160;1020;20
06/08/2022;1938;505161;1090;128
09/08/2022;1530;505178;1190;96
09/08/2022;1530;505158;1070;70
09/08/2022;1530;505159;1080;33
09/08/2022;1530;505160;1020;31
09/08/2022;1530;505161;1090;161
14/08/2022;1530;505178;1190;80
14/08/2022;1530;505158;1070;61
14/08/2022;1530;505159;1080;33
14/08/2022;1530;505160;1020;22
14/08/2022;1530;505161;1090;189
18/08/2022;1530;505166;1130;31
18/08/2022;1530;505167;1060;39
18/08/2022;1530;505168;1140;54
18/08/2022;1530;505158;1070;52
18/08/2022;1530;505169;1130;26
18/08/2022;1530;505170;1150;26
18/08/2022;1530;505171;1130;57
18/08/2022;1530;505172;1020;65
18/08/2022;1530;505173;1160;22
18/08/2022;1530;505174;1020;61
18/08/2022;1530;505175;1170;19
18/08/2022;1530;505176;1130;50
18/08/2022;1530;505177;1180;172
22/08/2022;1530;505152;1010;48
22/08/2022;1530;505153;1020;28
22/08/2022;1530;505154;1030;63
22/08/2022;1530;505155;1040;96
22/08/2022;1530;505156;1050;178
25/08/2022;2142;505178;1190;37
25/08/2022;2142;505158;1070;43
25/08/2022;2142;505159;1080;28
25/08/2022;2142;505160;1020;32
25/08/2022;2142;505161;1090;126
27/08/2022;1530;505178;1190;74
27/08/2022;1530;505158;1070;48
27/08/2022;1530;505159;1080;22
27/08/2022;1530;505160;1020;41
27/08/2022;1530;505161;1090;200
01/09/2022;1530;505178;1190;56
01/09/2022;1530;505158;1070;72
01/09/2022;1530;505159;1080;89
01/09/2022;1530;505160;1020;67
01/09/2022;1530;505161;1090;192
03/09/2022;1530;505178;1190;78
03/09/2022;1530;505158;1070;76
03/09/2022;1530;505159;1080;72
03/09/2022;1530;505160;1020;43
03/09/2022;1530;505161;1090;139
04/09/2022;1530;505166;1130;46
04/09/2022;1530;505167;1060;35
04/09/2022;1530;505168;1140;122
04/09/2022;1530;505158;1070;54
04/09/2022;1530;505169;1130;30
04/09/2022;1530;505170;1150;46
04/09/2022;1530;505171;1130;56
04/09/2022;1530;505172;1020;57
04/09/2022;1530;505173;1160;72
04/09/2022;1530;505174;1020;52
04/09/2022;1530;505175;1170;19
04/09/2022;1530;505176;1130;22
04/09/2022;1530;505177;1180;144
05/09/2022;1938;505178;1190;43
05/09/2022;1938;505158;1070;25
05/09/2022;1938;505159;1080;23
05/09/2022;1938;505160;1020;11
05/09/2022;1938;505161;1090;113
14/09/2022;1530;505162;1100;155
14/09/2022;1530;505157;1060;113
14/09/2022;1530;505163;1110;87
14/09/2022;1530;505164;1120;85
14/09/2022;1530;505165;1130;52
16/09/2022;1938;505178;1190;62
16/09/2022;1938;505158;1070;11
16/09/2022;1938;505159;1080;42
16/09/2022;1938;505160;1020;26
16/09/2022;1938;505161;1090;83
24/09/2022;1938;505166;1130;22
24/09/2022;1938;505167;1060;29
24/09/2022;1938;505168;1140;29
24/09/2022;1938;505158;1070;21
24/09/2022;1938;505169;1130;28
24/09/2022;1938;505170;1150;48
24/09/2022;1938;505171;1130;34
24/09/2022;1938;505172;1020;17
24/09/2022;1938;505173;1160;26
24/09/2022;1938;505174;1020;32
24/09/2022;1938;505175;1170;36
24/09/2022;1938;505176;1130;32
24/09/2022;1938;505177;1180;92
27/09/2022;1938;505162;1100;125
27/09/2022;1938;505157;1060;70
27/09/2022;1938;505163;1110;47
27/09/2022;1938;505164;1120;17
27/09/2022;1938;505165;1130;35
29/09/2022;1530;505178;1190;72
29/09/2022;1530;505158;1070;20
29/09/2022;1530;505159;1080;37
29/09/2022;1530;505160;1020;57
29/09/2022;1530;505161;1090;226
06/10/2022;1530;505178;1190;48
06/10/2022;1530;505158;1070;30
06/10/2022;1530;505159;1080;44
06/10/2022;1530;505160;1020;65
06/10/2022;1530;505161;1090;150
08/10/2022;1938;505166;1130;31
08/10/2022;1938;505167;1060;45
08/10/2022;1938;505168;1140;63
08/10/2022;1938;505158;1070;26
08/10/2022;1938;505169;1130;10
08/10/2022;1938;505170;1150;37
08/10/2022;1938;505171;1130;25
08/10/2022;1938;505172;1020;35
08/10/2022;1938;505173;1160;42
08/10/2022;1938;505174;1020;24
08/10/2022;1938;505175;1170;15
08/10/2022;1938;505176;1130;8
08/10/2022;1938;505177;1180;108
12/10/2022;1938;505178;1190;62
12/10/2022;1938;505158;1070;40
12/10/2022;1938;505159;1080;25
12/10/2022;1938;505160;1020;22
12/10/2022;1938;505161;1090;107
13/10/2022;1938;505178;1190;42
13/10/2022;1938;505158;1070;31
13/10/2022;1938;505159;1080;25
13/10/2022;1938;505160;1020;36
13/10/2022;1938;505161;1090;103
14/10/2022;1938;505152;1010;11
14/10/2022;1938;505153;1020;26
14/10/2022;1938;505154;1030;39
14/10/2022;1938;505155;1040;49
14/10/2022;1938;505156;1050;95
15/10/2022;1938;505178;1190;38
15/10/2022;1938;505158;1070;14
15/10/2022;1938;505159;1080;25
15/10/2022;1938;505160;1020;21
15/10/2022;1938;505161;1090;86
19/10/2022;2142;505178;1190;41
19/10/2022;2142;505158;1070;24
19/10/2022;2142;505159;1080;33
19/10/2022;2142;505160;1020;30
19/10/2022;2142;505161;1090;121
30/10/2022;1530;505178;1190;59
30/10/2022;1530;505158;1070;104
30/10/2022;1530;505159;1080;31
30/10/2022;1530;505160;1020;65
30/10/2022;1530;505161;1090;181
31/10/2022;1530;505178;1190;57
31/10/2022;1530;505158;1070;54
31/10/2022;1530;505159;1080;13
31/10/2022;1530;505160;1020;35
31/10/2022;1530;505161;1090;181
04/11/2022;1530;505178;1190;91
04/11/2022;1530;505158;1070;54
04/11/2022;1530;505159;1080;26
04/11/2022;1530;505160;1020;52
04/11/2022;1530;505161;1090;172
05/11/2022;1530;505178;1190;141
05/11/2022;1530;505158;1070;39
05/11/2022;1530;505159;1080;80
05/11/2022;1530;505160;1020;56
05/11/2022;1530;505161;1090;187
08/11/2022;2040;505178;1190;31
08/11/2022;2040;505158;1070;32
08/11/2022;2040;505159;1080;15
08/11/2022;2040;505160;1020;25
08/11/2022;2040;505161;1090;90
10/11/2022;2040;505152;1010;25
10/11/2022;2040;505153;1020;17
10/11/2022;2040;505154;1030;62
10/11/2022;2040;505155;1040;43
10/11/2022;2040;505156;1050;98
13/11/2022;1530;505152;1010;85
13/11/2022;1530;505153;1020;30
13/11/2022;1530;505154;1030;76
13/11/2022;1530;505155;1040;104
13/11/2022;1530;505156;1050;204
22/11/2022;1530;505178;1190;126
22/11/2022;1530;505158;1070;102
22/11/2022;1530;505159;1080;43
22/11/2022;1530;505160;1020;35
22/11/2022;1530;505161;1090;163
24/11/2022;1530;505178;1190;96
24/11/2022;1530;505158;1070;28
24/11/2022;1530;505159;1080;52
24/11/2022;1530;505160;1020;30
24/11/2022;1530;505161;1090;165
01/12/2022;1530;505178;1190;52
01/12/2022;1530;505158;1070;24
01/12/2022;1530;505159;1080;81
01/12/2022;1530;505160;1020;44
01/12/2022;1530;505161;1090;192
02/12/2022;2040;505162;1100;94
02/12/2022;2040;505157;1060;57
02/12/2022;2040;505163;1110;33
02/12/2022;2040;505164;1120;8
02/12/2022;2040;505165;1130;23
07/01/2023;2040;505152;1010;8
07/01/2023;2040;505153;1020;13
07/01/2023;2040;505154;1030;38
07/01/2023;2040;505155;1040;50
07/01/2023;2040;505156;1050;102
12/01/2023;2142;505178;1190;28
12/01/2023;2142;505158;1070;44
12/01/2023;2142;505159;1080;35
12/01/2023;2142;505160;1020;35
12/01/2023;2142;505161;1090;116
19/01/2023;1530;505162;1100;205
19/01/2023;1530;505157;1060;131
19/01/2023;1530;505163;1110;31
19/01/2023;1530;505164;1120;44
19/01/2023;1530;505165;1130;37
27/01/2023;2040;505178;1190;42
27/01/2023;2040;505158;1070;37
27/01/2023;2040;505159;1080;38
27/01/2023;2040;505160;1020;35
27/01/2023;2040;505161;1090;153
31/01/2023;2040;505162;1100;78
31/01/2023;2040;505157;1060;74
31/01/2023;2040;505163;1110;32
31/01/2023;2040;505164;1120;46
31/01/2023;2040;505165;1130;18
04/02/2023;1938;505178;1190;31
04/02/2023;1938;505158;1070;56
04/02/2023;1938;505159;1080;39
04/02/2023;1938;505160;1020;28
04/02/2023;1938;505161;1090;81
09/02/2023;2244;505166;1130;32
09/02/2023;2244;505167;1060;7
09/02/2023;2244;505168;1140;25
09/02/2023;2244;505158;1070;24
09/02/2023;2244;505169;1130;8
09/02/2023;2244;505170;1150;44
09/02/2023;2244;505171;1130;14
09/02/2023;2244;505172;1020;23
09/02/2023;2244;505173;1160;13
09/02/2023;2244;505174;1020;31
09/02/2023;2244;505175;1170;43
09/02/2023;2244;505176;1130;17
09/02/2023;2244;505177;1180;106
24/02/2023;2142;505178;1190;61
24/02/2023;2142;505158;1070;50
24/02/2023;2142;505159;1080;12
24/02/2023;2142;505160;1020;33
24/02/2023;2142;505161;1090;118
28/02/2023;1530;505152;1010;65
28/02/2023;1530;505153;1020;22
28/02/2023;1530;505154;1030;76
28/02/2023;1530;505155;1040;100
28/02/2023;1530;505156;1050;141
05/03/2023;2244;505152;1010;26
05/03/2023;2244;505153;1020;19
05/03/2023;2244;505154;1030;31
05/03/2023;2244;505155;1040;17
05/03/2023;2244;505156;1050;82
08/03/2023;1530;505178;1190;91
08/03/2023;1530;505158;1070;35
08/03/2023;1530;505159;1080;46
08/03/2023;1530;505160;1020;50
08/03/2023;1530;505161;1090;204
09/03/2023;1530;505178;1190;126
09/03/2023;1530;505158;1070;74
09/03/2023;1530;505159;1080;78
09/03/2023;1530;505160;1020;63
09/03/2023;1530;505161;1090;204
12/03/2023;2244;505178;1190;34
12/03/2023;2244;505158;1070;38
12/03/2023;2244;505159;1080;23
12/03/2023;2244;505160;1020;35
12/03/2023;2244;505161;1090;86
14/03/2023;1530;505178;1190;54
14/03/2023;1530;505158;1070;33
14/03/2023;1530;505159;1080;46
14/03/2023;1530;505160;1020;57
14/03/2023;1530;505161;1090;176
17/03/2023;2142;505166;1130;32
17/03/2023;2142;505167;1060;17
17/03/2023;2142;505168;1140;42
17/03/2023;2142;505158;1070;39
17/03/2023;2142;505169;1130;23
17/03/2023;2142;505170;1150;29
17/03/2023;2142;505171;1130;20
17/03/2023;2142;505172;1020;22
17/03/2023;2142;505173;1160;22
17/03/2023;2142;505174;1020;19
17/03/2023;2142;505175;1170;6
17/03/2023;2142;505176;1130;9
17/03/2023;2142;505177;1180;120
18/03/2023;1938;505178;1190;51
18/03/2023;1938;505158;1070;27
18/03/2023;1938;505159;1080;27
18/03/2023;1938;505160;1020;20
18/03/2023;1938;505161;1090;71
19/03/2023;1530;505166;1130;46
19/03/2023;1530;505167;1060;70
19/03/2023;1530;505168;1140;81
19/03/2023;1530;505158;1070;24
19/03/2023;1530;505169;1130;17
19/03/2023;1530;505170;1150;72
19/03/2023;1530;505171;1130;63
19/03/2023;1530;505172;1020;20
19/03/2023;1530;505173;1160;83
19/03/2023;1530;505174;1020;50
19/03/2023;1530;505175;1170;13
19/03/2023;1530;505176;1130;19
19/03/2023;1530;505177;1180;220
22/03/2023;2244;505152;1010;33
22/03/2023;2244;505153;1020;23
22/03/2023;2244;505154;1030;64
22/03/2023;2244;505155;1040;39
22/03/2023;2244;505156;1050;86
24/03/2023;1530;505152;1010;63
24/03/2023;1530;505153;1020;63
24/03/2023;1530;505154;1030;109
24/03/2023;1530;505155;1040;57
24/03/2023;1530;505156;1050;211
25/03/2023;1530;505152;1010;52
25/03/2023;1530;505153;1020;52
25/03/2023;1530;505154;1030;111
25/03/2023;1530;505155;1040;89
25/03/2023;1530;505156;1050;228
27/03/2023;1530;505152;1010;85
27/03/2023;1530;505152;1010;63
27/03/2023;1530;505153;1020;57
27/03/2023;1530;505153;1020;56
27/03/2023;1530;505154;1030;63
27/03/2023;1530;505154;1030;130
27/03/2023;1530;505155;1040;68
27/03/2023;1530;505155;1040;81
27/03/2023;1530;505156;1050;209
27/03/2023;1530;505156;1050;196
31/03/2023;1530;505162;1100;216
31/03/2023;1530;505157;1060;74
31/03/2023;1530;505163;1110;26
31/03/2023;1530;505164;1120;54
31/03/2023;1530;505165;1130;17
07/04/2023;1530;505162;1100;198
07/04/2023;1530;505157;1060;80
07/04/2023;1530;505163;1110;50
07/04/2023;1530;505164;1120;37
07/04/2023;1530;505165;1130;17
11/04/2023;1530;505178;1190;113
11/04/2023;1530;505158;1070;31
11/04/2023;1530;505159;1080;28
11/04/2023;1530;505160;1020;15
11/04/2023;1530;505161;1090;178
16/04/2023;1530;505178;1190;68
16/04/2023;1530;505158;1070;76
16/04/2023;1530;505159;1080;87
16/04/2023;1530;505160;1020;50
16/04/2023;1530;505161;1090;170
21/04/2023;1530;505178;1190;104
21/04/2023;1530;505158;1070;43
21/04/2023;1530;505159;1080;41
21/04/2023;1530;505160;1020;44
21/04/2023;1530;505161;1090;192
26/04/2023;1836;505152;1010;32
26/04/2023;1836;505153;1020;13
26/04/2023;1836;505154;1030;31
26/04/2023;1836;505155;1040;26
26/04/2023;1836;505156;1050;98
30/04/2023;2244;505178;1190;46
30/04/2023;2244;505158;1070;13
30/04/2023;2244;505159;1080;47
30/04/2023;2244;505160;1020;24
30/04/2023;2244;505161;1090;90
04/05/2023;1530;505178;1190;109
04/05/2023;1530;505158;1070;81
04/05/2023;1530;505159;1080;74
04/05/2023;1530;505160;1020;57
04/05/2023;1530;505161;1090;218
07/05/2023;1530;505178;1190;48
07/05/2023;1530;505158;1070;63
07/05/2023;1530;505159;1080;20
07/05/2023;1530;505160;1020;54
07/05/2023;1530;505161;1090;215
09/05/2023;1530;505162;1100;174
09/05/2023;1530;505157;1060;48
09/05/2023;1530;505178;1190;139
09/05/2023;1530;505163;1110;44
09/05/2023;1530;505158;1070;59
09/05/2023;1530;505159;1080;57
09/05/2023;1530;505164;1120;72
09/05/2023;1530;505160;1020;48
09/05/2023;1530;505161;1090;211
09/05/2023;1530;505165;1130;50
10/05/2023;2346;505178;1190;51
10/05/2023;2346;505158;1070;300
10/05/2023;2346;505159;1080;45
10/05/2023;2346;505160;1020;130
10/05/2023;2346;505161;1090;122
12/05/2023;2244;505166;1130;27
12/05/2023;2244;505167;1060;26
12/05/2023;2244;505168;1140;73
12/05/2023;2244;505158;1070;49
12/05/2023;2244;505169;1130;32
12/05/2023;2244;505170;1150;14
12/05/2023;2244;505171;1130;34
12/05/2023;2244;505172;1020;23
12/05/2023;2244;505173;1160;12
12/05/2023;2244;505174;1020;11
12/05/2023;2244;505175;1170;28
12/05/2023;2244;505176;1130;14
12/05/2023;2244;505177;1180;98
15/05/2023;1530;505178;1190;130
15/05/2023;1530;505158;1070;70
15/05/2023;1530;505159;1080;57
15/05/2023;1530;505160;1020;15
15/05/2023;1530;505161;1090;204
19/05/2023;1530;505162;1100;222
19/05/2023;1530;505157;1060;142
19/05/2023;1530;505163;1110;20
19/05/2023;1530;505164;1120;31
19/05/2023;1530;505165;1130;31
21/05/2023;1530;505178;1190;144
21/05/2023;1530;505158;1070;89
21/05/2023;1530;505159;1080;28
21/05/2023;1530;505160;1020;24
21/05/2023;1530;505161;1090;187
28/05/2023;1530;505152;1010;41
28/05/2023;1530;505153;1020;41
28/05/2023;1530;505154;1030;144
28/05/2023;1530;505155;1040;44
28/05/2023;1530;505156;1050;181
31/05/2023;1530;505162;1100;226
31/05/2023;1530;505157;1060;50
31/05/2023;1530;505163;1110;102
31/05/2023;1530;505164;1120;65
31/05/2023;1530;505165;1130;35
04/06/2023;1836;505178;1190;55
04/06/2023;1836;505158;1070;40
04/06/2023;1836;505159;1080;9
04/06/2023;1836;505160;1020;28
04/06/2023;1836;505161;1090;108
12/06/2023;1938;505178;1190;48
12/06/2023;1938;505158;1070;41
12/06/2023;1938;505159;1080;18
12/06/2023;1938;505160;1020;18
12/06/2023;1938;505161;1090;126
13/06/2023;1836;505178;1190;26
13/06/2023;1836;505158;1070;34
13/06/2023;1836;505159;1080;16
13/06/2023;1836;505160;1020;19
13/06/2023;1836;505161;1090;114
21/06/2023;1836;505162;1100;112
21/06/2023;1836;505157;1060;25
21/06/2023;1836;505163;1110;45
21/06/2023;1836;505164;1120;35
21/06/2023;1836;505165;1130;11
29/06/2023;1632;505152;1010;47
29/06/2023;1632;505153;1020;28
29/06/2023;1632;505154;1030;44
29/06/2023;1632;505155;1040;11
29/06/2023;1632;505156;1050;130
02/07/2023;1530;505162;1100;122
02/07/2023;1530;505157;1060;100
02/07/2023;1530;505163;1110;43
02/07/2023;1530;505164;1120;19
02/07/2023;1530;505165;1130;30
08/07/2023;2346;505162;1100;111
08/07/2023;2346;505157;1060;700
08/07/2023;2346;505163;1110;600
08/07/2023;2346;505164;1120;48
08/07/2023;2346;505165;1130;27
10/07/2023;2346;505152;1010;8
10/07/2023;2346;505153;1020;300
10/07/2023;2346;505154;1030;64
10/07/2023;2346;505155;1040;20
10/07/2023;2346;505156;1050;200
12/07/2023;2142;505178;1190;26
12/07/2023;2142;505158;1070;49
12/07/2023;2142;505159;1080;48
12/07/2023;2142;505160;1020;15
12/07/2023;2142;505161;1090;69
15/07/2023;2346;505152;1010;20
15/07/2023;2346;505153;1020;400
15/07/2023;2346;505154;1030;26
15/07/2023;2346;505155;1040;16
15/07/2023;2346;505156;1050;500
17/07/2023;1530;505178;1190;50
17/07/2023;1530;505158;1070;67
17/07/2023;1530;505159;1080;31
17/07/2023;1530;505160;1020;22
17/07/2023;1530;505161;1090;218
18/07/2023;2346;505178;1190;44
18/07/2023;2346;505158;1070;370
18/07/2023;2346;505159;1080;44
18/07/2023;2346;505160;1020;200
18/07/2023;2346;505161;1090;500
21/07/2023;1836;505166;1130;14
21/07/2023;1836;505167;1060;29
21/07/2023;1836;505168;1140;78
21/07/2023;1836;505158;1070;23
21/07/2023;1836;505169;1130;35
21/07/2023;1836;505170;1150;24
21/07/2023;1836;505171;1130;16
21/07/2023;1836;505172;1020;33
21/07/2023;1836;505173;1160;18
21/07/2023;1836;505174;1020;27
21/07/2023;1836;505175;1170;45
21/07/2023;1836;505176;1130;18
21/07/2023;1836;505177;1180;86
24/07/2023;1632;505166;1130;33
24/07/2023;1632;505167;1060;18
24/07/2023;1632;505168;1140;25
24/07/2023;1632;505158;1070;34
24/07/2023;1632;505169;1130;27
24/07/2023;1632;505170;1150;42
24/07/2023;1632;505171;1130;25
24/07/2023;1632;505172;1020;9
24/07/2023;1632;505173;1160;48
24/07/2023;1632;505174;1020;14
24/07/2023;1632;505175;1170;17
24/07/2023;1632;505176;1130;18
24/07/2023;1632;505177;1180;134
30/07/2023;1836;505178;1190;70
30/07/2023;1836;505158;1070;24
30/07/2023;1836;505159;1080;29
30/07/2023;1836;505160;1020;12
30/07/2023;1836;505161;1090;91
31/07/2023;1836;505162;1100;100
31/07/2023;1836;505157;1060;45
31/07/2023;1836;505163;1110;42
31/07/2023;1836;505164;1120;37
31/07/2023;1836;505165;1130;27
02/08/2023;2142;505178;1190;52
02/08/2023;2142;505158;1070;34
02/08/2023;2142;505159;1080;25
02/08/2023;2142;505160;1020;31
02/08/2023;2142;505161;1090;90
09/08/2023;2244;505178;1190;24
09/08/2023;2244;505158;1070;28
09/08/2023;2244;505159;1080;29
09/08/2023;2244;505160;1020;26
09/08/2023;2244;505161;1090;124
11/08/2023;2142;505178;1190;34
11/08/2023;2142;505158;1070;53
11/08/2023;2142;505159;1080;14
11/08/2023;2142;505160;1020;32
11/08/2023;2142;505161;1090;72
17/08/2023;1836;505178;1190;72
17/08/2023;1836;505158;1070;41
17/08/2023;1836;505159;1080;36
17/08/2023;1836;505160;1020;34
17/08/2023;1836;505161;1090;96
19/08/2023;1836;505178;1190;59
19/08/2023;1836;505158;1070;47
19/08/2023;1836;505159;1080;10
19/08/2023;1836;505160;1020;17
19/08/2023;1836;505161;1090;116
22/08/2023;1836;505178;1190;56
22/08/2023;1836;505158;1070;51
22/08/2023;1836;505159;1080;26
22/08/2023;1836;505160;1020;33
22/08/2023;1836;505161;1090;102
26/08/2023;1632;505152;1010;25
26/08/2023;1632;505153;1020;31
26/08/2023;1632;505154;1030;38
26/08/2023;1632;505155;1040;35
26/08/2023;1632;505156;1050;131
28/08/2023;2142;505178;1190;31
28/08/2023;2142;505158;1070;46
28/08/2023;2142;505159;1080;46
28/08/2023;2142;505160;1020;27
28/08/2023;2142;505161;1090;105
30/08/2023;2142;505178;1190;76
30/08/2023;2142;505158;1070;41
30/08/2023;2142;505159;1080;11
30/08/2023;2142;505160;1020;31
30/08/2023;2142;505161;1090;99
31/08/2023;1938;505178;1190;58
31/08/2023;1938;505158;1070;45
31/08/2023;1938;505159;1080;13
31/08/2023;1938;505160;1020;23
31/08/2023;1938;505161;1090;128
03/09/2023;2142;505178;1190;43
03/09/2023;2142;505158;1070;44
03/09/2023;2142;505159;1080;28
03/09/2023;2142;505160;1020;33
03/09/2023;2142;505161;1090;87
08/09/2023;2142;505178;1190;29
08/09/2023;2142;505158;1070;21
08/09/2023;2142;505159;1080;29
08/09/2023;2142;505160;1020;12
08/09/2023;2142;505161;1090;102
12/09/2023;2142;505166;1130;22
12/09/2023;2142;505167;1060;48
12/09/2023;2142;505168;1140;33
12/09/2023;2142;505158;1070;14
12/09/2023;2142;505169;1130;21
12/09/2023;2142;505170;1150;21
12/09/2023;2142;505171;1130;22
12/09/2023;2142;505172;1020;25
12/09/2023;2142;505173;1160;44
12/09/2023;2142;505174;1020;35
12/09/2023;2142;505175;1170;29
12/09/2023;2142;505176;1130;18
12/09/2023;2142;505177;1180;93
16/09/2023;2142;505152;1010;29
16/09/2023;2142;505153;1020;16
16/09/2023;2142;505154;1030;72
16/09/2023;2142;505155;1040;30
16/09/2023;2142;505156;1050;96
19/09/2023;1836;505178;1190;72
19/09/2023;1836;505158;1070;21
19/09/2023;1836;505159;1080;35
19/09/2023;1836;505160;1020;29
19/09/2023;1836;505161;1090;126
21/09/2023;2142;505178;1190;51
21/09/2023;2142;505158;1070;34
21/09/2023;2142;505159;1080;19
21/09/2023;2142;505160;1020;21
21/09/2023;2142;505161;1090;108
26/09/2023;1836;505178;1190;36
26/09/2023;1836;505158;1070;14
26/09/2023;1836;505159;1080;17
26/09/2023;1836;505160;1020;27
26/09/2023;1836;505161;1090;104
28/09/2023;2142;505178;1190;28
28/09/2023;2142;505158;1070;14
28/09/2023;2142;505159;1080;20
28/09/2023;2142;505160;1020;8
28/09/2023;2142;505161;1090;75
29/09/2023;2142;505166;1130;20
29/09/2023;2142;505167;1060;28
29/09/2023;2142;505168;1140;48
29/09/2023;2142;505158;1070;31
29/09/2023;2142;505169;1130;15
29/09/2023;2142;505170;1150;17
29/09/2023;2142;505171;1130;17
29/09/2023;2142;505172;1020;9
29/09/2023;2142;505173;1160;25
29/09/2023;2142;505174;1020;17
29/09/2023;2142;505175;1170;6
29/09/2023;2142;505176;1130;36
29/09/2023;2142;505177;1180;78
30/09/2023;1530;505178;1190;105
30/09/2023;1530;505158;1070;83
30/09/2023;1530;505159;1080;46
30/09/2023;1530;505160;1020;26
30/09/2023;1530;505161;1090;209
09/10/2023;2142;505162;1100;84
09/10/2023;2142;505157;1060;47
09/10/2023;2142;505163;1110;42
09/10/2023;2142;505164;1120;30
09/10/2023;2142;505165;1130;19
11/10/2023;1938;505178;1190;77
11/10/2023;1938;505158;1070;51
11/10/2023;1938;505159;1080;43
11/10/2023;1938;505160;1020;23
11/10/2023;1938;505161;1090;83
19/10/2023;2346;505166;1130;22
19/10/2023;2346;505167;1060;22
19/10/2023;2346;505168;1140;59
19/10/2023;2346;505158;1070;200
19/10/2023;2346;505169;1130;30
19/10/2023;2346;505170;1150;27
19/10/2023;2346;505171;1130;10
19/10/2023;2346;505172;1020;15
19/10/2023;2346;505173;1160;29
19/10/2023;2346;505174;1020;1500
19/10/2023;2346;505175;1170;48
19/10/2023;2346;505176;1130;17
19/10/2023;2346;505177;1180;92
22/10/2023;1632;505162;1100;125
22/10/2023;1632;505157;1060;49
22/10/2023;1632;505163;1110;52
22/10/2023;1632;505164;1120;40
22/10/2023;1632;505165;1130;30
24/10/2023;1938;505178;1190;63
24/10/2023;1938;505158;1070;47
24/10/2023;1938;505159;1080;37
24/10/2023;1938;505160;1020;26
24/10/2023;1938;505161;1090;122
31/10/2023;2142;505178;1190;76
31/10/2023;2142;505158;1070;54
31/10/2023;2142;505159;1080;46
31/10/2023;2142;505160;1020;32
31/10/2023;2142;505161;1090;81
02/11/2023;2346;505166;1130;27
02/11/2023;2346;505167;1060;36
02/11/2023;2346;505168;1140;50
02/11/2023;2346;505158;1070;550
02/11/2023;2346;505169;1130;17
02/11/2023;2346;505170;1150;30
02/11/2023;2346;505171;1130;35
02/11/2023;2346;505172;1020;22
02/11/2023;2346;505173;1160;47
02/11/2023;2346;505174;1020;200
02/11/2023;2346;505175;1170;40
02/11/2023;2346;505176;1130;11
02/11/2023;2346;505177;1180;108
06/11/2023;1938;505178;1190;42
06/11/2023;1938;505158;1070;46
06/11/2023;1938;505159;1080;43
06/11/2023;1938;505160;1020;28
06/11/2023;1938;505161;1090;107
07/11/2023;1938;505178;1190;57
07/11/2023;1938;505158;1070;39
07/11/2023;1938;505159;1080;25
07/11/2023;1938;505160;1020;31
07/11/2023;1938;505161;1090;103
08/11/2023;2346;505152;1010;10
08/11/2023;2346;505153;1020;350
08/11/2023;2346;505154;1030;66
08/11/2023;2346;505155;1040;56
08/11/2023;2346;505156;1050;857
09/11/2023;1938;505178;1190;70
09/11/2023;1938;505158;1070;43
09/11/2023;1938;505159;1080;20
09/11/2023;1938;505160;1020;11
09/11/2023;1938;505161;1090;86
13/11/2023;1836;505178;1190;60
13/11/2023;1836;505158;1070;16
13/11/2023;1836;505159;1080;25
13/11/2023;1836;505160;1020;29
13/11/2023;1836;505161;1090;121
24/11/2023;1938;505178;1190;24
24/11/2023;1938;505158;1070;26
24/11/2023;1938;505159;1080;46
24/11/2023;1938;505160;1020;35
24/11/2023;1938;505161;1090;98
25/11/2023;1938;505178;1190;27
25/11/2023;1938;505158;1070;48
25/11/2023;1938;505159;1080;8
25/11/2023;1938;505160;1020;19
25/11/2023;1938;505161;1090;98
29/11/2023;1938;505178;1190;34
29/11/2023;1938;505158;1070;30
29/11/2023;1938;505159;1080;33
29/11/2023;1938;505160;1020;34
29/11/2023;1938;505161;1090;93
30/11/2023;1938;505178;1190;64
30/11/2023;1938;505158;1070;44
30/11/2023;1938;505159;1080;17
30/11/2023;1938;505160;1020;29
30/11/2023;1938;505161;1090;101
03/12/2023;2244;505178;1190;78
03/12/2023;2244;505158;1070;48
03/12/2023;2244;505159;1080;18
03/12/2023;2244;505160;1020;8
03/12/2023;2244;505161;1090;90
05/12/2023;2244;505152;1010;28
05/12/2023;2244;505153;1020;13
05/12/2023;2244;505154;1030;67
05/12/2023;2244;505155;1040;27
05/12/2023;2244;505156;1050;98
08/12/2023;2346;505152;1010;38
08/12/2023;2346;505153;1020;500
08/12/2023;2346;505154;1030;32
08/12/2023;2346;505155;1040;55
08/12/2023;2346;505156;1050;300
17/12/2023;1938;505178;1190;66
17/12/2023;1938;505158;1070;18
17/12/2023;1938;505159;1080;19
17/12/2023;1938;505160;1020;14
17/12/2023;1938;505161;1090;88
19/12/2023;1938;505178;1190;75
19/12/2023;1938;505158;1070;43
19/12/2023;1938;505159;1080;32
19/12/2023;1938;505160;1020;15
19/12/2023;1938;505161;1090;89
26/12/2023;1938;505178;1190;69
26/12/2023;1938;505158;1070;48
26/12/2023;1938;505159;1080;36
26/12/2023;1938;505160;1020;27
26/12/2023;1938;505161;1090;104
27/12/2023;2244;505162;1100;94
27/12/2023;2244;505157;1060;58
27/12/2023;2244;505163;1110;30
27/12/2023;2244;505164;1120;42
27/12/2023;2244;505165;1130;9
